{"cameraMode":{"drawMode":0,"name":"Shaded","section":"Shading Mode"},"sceneLighting":true,"audioPlay":false,"sceneViewState":{"m_AlwaysRefresh":false,"showFog":true,"showSkybox":true,"showFlares":true,"showImageEffects":true,"showParticleSystems":true,"showVisualEffectGraphs":true,"m_FxEnabled":true},"in2DMode":false,"pivot":{"x":323.78045654296877,"y":18.198158264160158,"z":334.29815673828127},"rotation":{"x":0.06467611342668534,"y":0.2974129915237427,"z":-0.020202798768877984,"w":0.9523618221282959},"size":6.487975597381592,"orthographic":false}